{
  "channels": [
    "VH_post",
    "VV_post",
    "slope",
    "sin_asp",
    "cos_asp",
    "LIA",
    "VH_pre",
    "VV_pre",
    "log_ratio_VH",
    "log_ratio_VV",
    "xpol_post",
    "xpol_pre"
  ],
  "mean": [
    -19.47539767198265,
    -14.068084302505714,
    21.066187086538598,
    -0.004421944715592227,
    0.01498105087053565,
    44.22132968081297,
    -18.19391858633493,
    -12.943981908174298,
    -0.13364438080389002,
    -0.11255003469174708,
    -5.630504123706597,
    -5.418217560468789
  ],
  "std": [
    5.247833431871867,
    7.0911845729430345,
    15.567306641721517,
    0.6131799053796048,
    0.6564646570326076,
    17.911840822250586,
    5.0926440774951915,
    7.29223766276434,
    0.2832933359219821,
    0.2372258833235975,
    3.9679326784517115,
    3.7712122823921232
  ],
  "n_pixels": [
    37638987.0,
    37638987.0,
    37638987.0,
    37638987.0,
    37638987.0,
    37638987.0,
    37638987.0,
    37638987.0,
    37638987.0,
    37638987.0,
    37638987.0,
    37638987.0
  ],
  "scenes": [
    "Livigno_20240403",
    "Livigno_20250129",
    "Nuuk_20160413",
    "Nuuk_20210411",
    "Pish_20230221"
  ]
}