{
  "ckpt": "/mmfs1/gscratch/scrubbed/sanmarco/equivariant-sar-seg/checkpoints_gatti_mirror_full/best_cond2_seed0.pt",
  "split": "test",
  "scene_results": {
    "Tromso_20241220": {
      "pixel": {
        "best_f1": 0.7490438035180716,
        "thr_f1": 0.622394323348999,
        "precision_f1": 0.7123134922741995,
        "recall_f1": 0.7897680442717532,
        "best_f2": 0.8014273788043426,
        "thr_f2": 0.5037069916725159,
        "precision_f2": 0.6199430199430199,
        "recall_f2": 0.8647121158601201
      },
      "pixel_morph_f1": {
        "precision": 0.7090655215111819,
        "recall": 0.7922406687860567,
        "f1": 0.7483490663906692,
        "thr": 0.622394323348999
      },
      "pixel_morph_f2": {
        "precision": 0.6154810928322068,
        "recall": 0.8667137642764604,
        "f2": 0.8012975773597607,
        "thr": 0.5037069916725159
      },
      "dscale_f2": {
        "1": 0.0,
        "2": 0.057211360402330776,
        "3": 0.56982982848477,
        "4": 0.6904476174148698
      },
      "dscale_f2_vs_bg": {
        "1": {
          "f2": 0.0,
          "precision": 0.0,
          "recall": 0.0,
          "tp": 0,
          "fp": 18009,
          "fn": 15
        },
        "2": {
          "f2": 0.13037491115849037,
          "precision": 0.03156592815659265,
          "recall": 0.5995914198160777,
          "tp": 587,
          "fp": 18009,
          "fn": 392
        },
        "3": {
          "f2": 0.6848777786749992,
          "precision": 0.39734966368838337,
          "recall": 0.836138300119704,
          "tp": 11874,
          "fp": 18009,
          "fn": 2327
        },
        "4": {
          "f2": 0.7686400319906901,
          "precision": 0.48433741839422606,
          "recall": 0.9008361293071263,
          "tp": 16915,
          "fp": 18009,
          "fn": 1862
        }
      },
      "bootstrap_ci": {
        "1": {
          "observed": 0.0,
          "ci_lower": 0.0,
          "ci_upper": 0.0,
          "n": 5.0,
          "boot_mean": 0.0,
          "boot_std": 0.0
        },
        "2": {
          "observed": 0.057211360402330776,
          "ci_lower": 0.025054641673341396,
          "ci_upper": 0.048838420584797856,
          "n": 25.0,
          "boot_mean": 0.037504423409700394,
          "boot_std": 0.005853018257766962
        },
        "3": {
          "observed": 0.56982982848477,
          "ci_lower": 0.3991787761449814,
          "ci_upper": 0.496940703690052,
          "n": 71.0,
          "boot_mean": 0.45035091042518616,
          "boot_std": 0.025838052853941917
        },
        "4": {
          "observed": 0.6904476174148698,
          "ci_lower": 0.467811443656683,
          "ci_upper": 0.6388688504695892,
          "n": 16.0,
          "boot_mean": 0.5651593208312988,
          "boot_std": 0.04348099231719971
        }
      },
      "perm_d2": {
        "p_value": 1.0,
        "observed": 0.057211360402330776,
        "n_perm": 1000,
        "n_d2": 25,
        "null_mean": 0.4031190276145935,
        "null_std": 0.07026617228984833,
        "null_max": 0.5888243913650513
      },
      "polygon": {
        "n_D1": 5,
        "hit_rate_D1": 0.0,
        "hit_rate_strict_D1": 0.0,
        "matched_D1": 0,
        "n_D2": 25,
        "hit_rate_D2": 0.68,
        "hit_rate_strict_D2": 0.56,
        "matched_D2": 14,
        "n_D3": 71,
        "hit_rate_D3": 0.9154929577464789,
        "hit_rate_strict_D3": 0.8732394366197183,
        "matched_D3": 61,
        "n_D4": 16,
        "hit_rate_D4": 1.0,
        "hit_rate_strict_D4": 1.0,
        "matched_D4": 16,
        "hit_rate_overall": 0.8376068376068376,
        "hit_rate_strict_overall": 0.7863247863247863,
        "hit_rate_strict_coverage_frac": 0.5,
        "n_gt_total": 117,
        "hit_rate_excl_D1": 0.875,
        "hit_rate_strict_excl_D1": 0.8214285714285714,
        "n_gt_excl_D1": 112,
        "poly_precision": 0.2826086956520862,
        "poly_recall": 0.777777777777113,
        "poly_f1": 0.4145785876991278,
        "poly_f2": 0.5759493670882431
      },
      "polygon_at_f1opt": {
        "n_D1": 5,
        "hit_rate_D1": 0.0,
        "hit_rate_strict_D1": 0.0,
        "matched_D1": 0,
        "n_D2": 25,
        "hit_rate_D2": 0.6,
        "hit_rate_strict_D2": 0.24,
        "matched_D2": 7,
        "n_D3": 71,
        "hit_rate_D3": 0.8873239436619719,
        "hit_rate_strict_D3": 0.7183098591549296,
        "matched_D3": 59,
        "n_D4": 16,
        "hit_rate_D4": 1.0,
        "hit_rate_strict_D4": 1.0,
        "matched_D4": 16,
        "hit_rate_overall": 0.8034188034188035,
        "hit_rate_strict_overall": 0.6239316239316239,
        "hit_rate_strict_coverage_frac": 0.5,
        "n_gt_total": 117,
        "hit_rate_excl_D1": 0.8392857142857143,
        "hit_rate_strict_excl_D1": 0.6517857142857143,
        "n_gt_excl_D1": 112,
        "poly_precision": 0.5189873417718235,
        "poly_recall": 0.7008547008541018,
        "poly_f1": 0.5963636363632027,
        "poly_f2": 0.6549520766767931
      },
      "multi_threshold": {
        "1": [
          {
            "threshold": 0.1,
            "precision": 6.100750229591567e-06,
            "recall": 0.9999999999933333,
            "f1": 1.220142602133053e-05,
            "f2": 3.0503006783055287e-05,
            "tp": 15,
            "fp": 2458699,
            "fn": 0
          },
          {
            "threshold": 0.2,
            "precision": 6.101303604528143e-06,
            "recall": 0.9999999999933333,
            "f1": 1.2202532757699186e-05,
            "f2": 3.05057735226969e-05,
            "tp": 15,
            "fp": 2458476,
            "fn": 0
          },
          {
            "threshold": 0.3,
            "precision": 1.0408774894629741e-05,
            "recall": 0.9333333333271111,
            "f1": 2.0817317629145432e-05,
            "f2": 5.2041552949678035e-05,
            "tp": 14,
            "fp": 1345005,
            "fn": 1
          },
          {
            "threshold": 0.5,
            "precision": 0.0,
            "recall": 0.0,
            "f1": 0.0,
            "f2": 0.0,
            "tp": 0,
            "fp": 47851,
            "fn": 15
          },
          {
            "threshold": 0.622394323348999,
            "precision": 0.0,
            "recall": 0.0,
            "f1": 0.0,
            "f2": 0.0,
            "tp": 0,
            "fp": 37666,
            "fn": 15
          },
          {
            "threshold": 0.5037069916725159,
            "precision": 0.0,
            "recall": 0.0,
            "f1": 0.0,
            "f2": 0.0,
            "tp": 0,
            "fp": 47385,
            "fn": 15
          }
        ],
        "2": [
          {
            "threshold": 0.1,
            "precision": 0.00039817563165134295,
            "recall": 0.9999999999998979,
            "f1": 0.0007960343018417339,
            "f2": 0.0019877123238164073,
            "tp": 979,
            "fp": 2457735,
            "fn": 0
          },
          {
            "threshold": 0.2,
            "precision": 0.0003982117485888702,
            "recall": 0.9999999999998979,
            "f1": 0.0007961064782249836,
            "f2": 0.001987892334614058,
            "tp": 979,
            "fp": 2457512,
            "fn": 0
          },
          {
            "threshold": 0.3,
            "precision": 0.000726383790860947,
            "recall": 0.9979570990805926,
            "f1": 0.001451710923790377,
            "f2": 0.003621375381319336,
            "tp": 977,
            "fp": 1344042,
            "fn": 2
          },
          {
            "threshold": 0.5,
            "precision": 0.012392635472612877,
            "recall": 0.6057201225739932,
            "f1": 0.024288347327462528,
            "f2": 0.057275870728455795,
            "tp": 593,
            "fp": 47258,
            "fn": 386
          },
          {
            "threshold": 0.622394323348999,