{
  "ckpt": "<checkpoint_path>",
  "split": "test",
  "scene_results": {
    "Tromso_20241220": {
      "pixel": {
        "best_f1": 0.7582215054502252,
        "thr_f1": 0.743301272392273,
        "precision_f1": 0.742108229988726,
        "recall_f1": 0.7750500412104085,
        "best_f2": 0.8088111743834455,
        "thr_f2": 0.5484663844108582,
        "precision_f2": 0.6140109042279601,
        "recall_f2": 0.8784881667255386
      },
      "pixel_morph_f1": {
        "precision": 0.7398907103825115,
        "recall": 0.7771988696573625,
        "f1": 0.7580860501675223,
        "thr": 0.743301272392273
      },
      "pixel_morph_f2": {
        "precision": 0.6097381942745277,
        "recall": 0.8802543270928974,
        "f2": 0.8085133994954625,
        "thr": 0.5484663844108582
      },
      "dscale_f2": {
        "1": 0.0,
        "2": 0.05521600883456089,
        "3": 0.5663653008756342,
        "4": 0.7001689394000603
      },
      "dscale_f2_vs_bg": {
        "1": {
          "f2": 0.0,
          "precision": 0.0,
          "recall": 0.0,
          "tp": 0,
          "fp": 18761,
          "fn": 15
        },
        "2": {
          "f2": 0.1246936406243255,
          "precision": 0.02998810816400378,
          "recall": 0.5924412665985094,
          "tp": 580,
          "fp": 18761,
          "fn": 399
        },
        "3": {
          "f2": 0.6822467287583528,
          "precision": 0.3889124132764393,
          "recall": 0.8407858601506877,
          "tp": 11940,
          "fp": 18761,
          "fn": 2261
        },
        "4": {
          "f2": 0.7790058726718375,
          "precision": 0.4800886795067189,
          "recall": 0.922618096607547,
          "tp": 17324,
          "fp": 18761,
          "fn": 1453
        }
      },
      "bootstrap_ci": {
        "1": {
          "observed": 0.0,
          "ci_lower": 0.0,
          "ci_upper": 0.0,
          "n": 5.0,
          "boot_mean": 0.0,
          "boot_std": 0.0
        },
        "2": {
          "observed": 0.05521600883456089,
          "ci_lower": 0.02382508902810514,
          "ci_upper": 0.04713222235441208,
          "n": 25.0,
          "boot_mean": 0.036162566393613815,
          "boot_std": 0.005807794630527496
        },
        "3": {
          "observed": 0.5663653008756342,
          "ci_lower": 0.39540499821305275,
          "ci_upper": 0.4930695280432701,
          "n": 71.0,
          "boot_mean": 0.446394145488739,
          "boot_std": 0.02554950676858425
        },
        "4": {
          "observed": 0.7001689394000603,
          "ci_lower": 0.47338548153638843,
          "ci_upper": 0.6453717336058616,
          "n": 16.0,
          "boot_mean": 0.5714182257652283,
          "boot_std": 0.043986521661281586
        }
      },
      "perm_d2": {
        "p_value": 1.0,
        "observed": 0.05521600883456089,
        "n_perm": 1000,
        "n_d2": 25,
        "null_mean": 0.4029986262321472,
        "null_std": 0.07169320434331894,
        "null_max": 0.5981608629226685
      },
      "polygon": {
        "n_D1": 5,
        "hit_rate_D1": 0.0,
        "hit_rate_strict_D1": 0.0,
        "matched_D1": 0,
        "n_D2": 25,
        "hit_rate_D2": 0.64,
        "hit_rate_strict_D2": 0.56,
        "matched_D2": 12,
        "n_D3": 71,
        "hit_rate_D3": 0.9154929577464789,
        "hit_rate_strict_D3": 0.8873239436619719,
        "matched_D3": 61,
        "n_D4": 16,
        "hit_rate_D4": 1.0,
        "hit_rate_strict_D4": 1.0,
        "matched_D4": 16,
        "hit_rate_overall": 0.8290598290598291,
        "hit_rate_strict_overall": 0.7948717948717948,
        "hit_rate_strict_coverage_frac": 0.5,
        "n_gt_total": 117,
        "hit_rate_excl_D1": 0.8660714285714286,
        "hit_rate_strict_excl_D1": 0.8303571428571429,
        "n_gt_excl_D1": 112,
        "poly_precision": 0.318996415770495,
        "poly_recall": 0.7606837606831105,
        "poly_f1": 0.44949494949472246,
        "poly_f2": 0.595716198125438
      },
      "polygon_at_f1opt": {
        "n_D1": 5,
        "hit_rate_D1": 0.0,
        "hit_rate_strict_D1": 0.0,
        "matched_D1": 0,
        "n_D2": 25,
        "hit_rate_D2": 0.44,
        "hit_rate_strict_D2": 0.24,
        "matched_D2": 5,
        "n_D3": 71,
        "hit_rate_D3": 0.8732394366197183,
        "hit_rate_strict_D3": 0.676056338028169,
        "matched_D3": 59,
        "n_D4": 16,
        "hit_rate_D4": 1.0,
        "hit_rate_strict_D4": 1.0,
        "matched_D4": 16,
        "hit_rate_overall": 0.7606837606837606,
        "hit_rate_strict_overall": 0.5982905982905983,
        "hit_rate_strict_coverage_frac": 0.5,
        "n_gt_total": 117,
        "hit_rate_excl_D1": 0.7946428571428571,
        "hit_rate_strict_excl_D1": 0.625,
        "n_gt_excl_D1": 112,
        "poly_precision": 0.6504065040645118,
        "poly_recall": 0.6837606837600994,
        "poly_f1": 0.6666666666661111,
        "poly_f2": 0.6768189509300534
      },
      "multi_threshold": {
        "1": [
          {
            "threshold": 0.1,
            "precision": 6.100750229591567e-06,
            "recall": 0.9999999999933333,
            "f1": 1.220142602133053e-05,
            "f2": 3.0503006783055287e-05,
            "tp": 15,
            "fp": 2458699,
            "fn": 0
          },
          {
            "threshold": 0.2,
            "precision": 6.101105072824824e-06,
            "recall": 0.9999999999933333,
            "f1": 1.2202135699137634e-05,
            "f2": 3.0504780912629833e-05,
            "tp": 15,
            "fp": 2458556,
            "fn": 0
          },
          {
            "threshold": 0.3,
            "precision": 8.331503378127066e-06,
            "recall": 0.9333333333271111,
            "f1": 1.666285801340646e-05,
            "f2": 4.1656029501990256e-05,
            "tp": 14,
            "fp": 1680355,
            "fn": 1
          },
          {
            "threshold": 0.5,
            "precision": 0.0,
            "recall": 0.0,
            "f1": 0.0,
            "f2": 0.0,
            "tp": 0,
            "fp": 54885,
            "fn": 15
          },
          {
            "threshold": 0.743301272392273,
            "precision": 0.0,
            "recall": 0.0,
            "f1": 0.0,
            "f2": 0.0,
            "tp": 0,
            "fp": 35480,
            "fn": 15
          },
          {
            "threshold": 0.5484663844108582,
            "precision": 0.0,
            "recall": 0.0,
            "f1": 0.0,
            "f2": 0.0,
            "tp": 0,
            "fp": 48605,
            "fn": 15
          }
        ],
        "2": [
          {
            "threshold": 0.1,
            "precision": 0.00039817563165134295,
            "recall": 0.9999999999998979,
            "f1": 0.0007960343018417339,
            "f2": 0.0019877123238164073,
            "tp": 979,
            "fp": 2457735,
            "fn": 0
          },
          {
            "threshold": 0.2,
            "precision": 0.0003981987910863668,
            "recall": 0.9999999999998979,
            "f1": 0.0007960805838466386,
            "f2": 0.001987827752999305,
            "tp": 979,
            "fp": 2457592,
            "fn": 0
          },
          {
            "threshold": 0.3,
            "precision": 0.0005814199143164389,
            "recall": 0.9979570990805926,
            "f1": 0.0011621627408484143,
            "f2": 0.0029003405005684903,
            "tp": 977,
            "fp": 1679392,
            "fn": 2
          },
          {
            "threshold": 0.5,
            "precision": 0.011514985879566345,
            "recall": 0.6455566905004447,
            "f1": 0.02262637834741507,
            "f2": 0.053740582643151874,
            "tp": 632,
            "fp": 54253,
            "fn": 347
          },
          {
            "threshold": 0.743301272392273,
            "precision": 0.008286358511837632,
            "recall": 0.30030643513786515,
            "f1": 0.01612770509339249,