{
  "ckpt": "/mmfs1/gscratch/scrubbed/sanmarco/equivariant-sar-seg/checkpoints/cond1/best_cond1_seed1.pt",
  "split": "test",
  "scene_results": {
    "Tromso_20241220": {
      "pixel": {
        "best_f1": 0.7938447217116499,
        "thr_f1": 0.22700904309749603,
        "precision_f1": 0.7846012305215341,
        "recall_f1": 0.8033086070881903,
        "best_f2": 0.82122493503072,
        "thr_f2": 0.1585865467786789,
        "precision_f2": 0.6962812872467223,
        "recall_f2": 0.859796302837631
      },
      "pixel_morph_f1": {
        "precision": 0.7840808011247861,
        "recall": 0.8043683033086046,
        "f1": 0.794094997261951,
        "thr": 0.22700904309749603
      },
      "pixel_morph_f2": {
        "precision": 0.6954990122105046,
        "recall": 0.860120098904978,
        "f2": 0.8212432757319417,
        "thr": 0.1585865467786789
      },
      "dscale_f2": {
        "1": 0.0,
        "2": 0.06409976889198901,
        "3": 0.586862304311721,
        "4": 0.7274171778092882
      },
      "dscale_f2_vs_bg": {
        "1": {
          "f2": 0.0,
          "precision": 0.0,
          "recall": 0.0,
          "tp": 0,
          "fp": 12741,
          "fn": 15
        },
        "2": {
          "f2": 0.17048419831834818,
          "precision": 0.04411433715957653,
          "recall": 0.6006128702757303,
          "tp": 588,
          "fp": 12741,
          "fn": 391
        },
        "3": {
          "f2": 0.7142945178465742,
          "precision": 0.4763685681407181,
          "recall": 0.8162101260474557,
          "tp": 11591,
          "fp": 12741,
          "fn": 2610
        },
        "4": {
          "f2": 0.8118879852019908,
          "precision": 0.5720331866581554,
          "recall": 0.906960643340252,
          "tp": 17030,
          "fp": 12741,
          "fn": 1747
        }
      },
      "bootstrap_ci": {
        "1": {
          "observed": 0.0,
          "ci_lower": 0.0,
          "ci_upper": 0.0,
          "n": 5.0,
          "boot_mean": 0.0,
          "boot_std": 0.0
        },
        "2": {
          "observed": 0.06409976889198901,
          "ci_lower": 0.02780198631808162,
          "ci_upper": 0.05531164426356554,
          "n": 25.0,
          "boot_mean": 0.04212326183915138,
          "boot_std": 0.006874013692140579
        },
        "3": {
          "observed": 0.586862304311721,
          "ci_lower": 0.42018231377005577,
          "ci_upper": 0.5143671736121178,
          "n": 71.0,
          "boot_mean": 0.4703785479068756,
          "boot_std": 0.025364549830555916
        },
        "4": {
          "observed": 0.7274171778092882,
          "ci_lower": 0.500740047544241,
          "ci_upper": 0.677882669866085,
          "n": 16.0,
          "boot_mean": 0.6029928922653198,
          "boot_std": 0.0450546033680439
        }
      },
      "perm_d2": {
        "p_value": 1.0,
        "observed": 0.06409976889198901,
        "n_perm": 1000,
        "n_d2": 25,
        "null_mean": 0.4310429096221924,
        "null_std": 0.07524372637271881,
        "null_max": 0.6352782845497131
      },
      "polygon": {
        "n_D1": 5,
        "hit_rate_D1": 0.0,
        "hit_rate_strict_D1": 0.0,
        "matched_D1": 0,
        "n_D2": 25,
        "hit_rate_D2": 0.64,
        "hit_rate_strict_D2": 0.56,
        "matched_D2": 12,
        "n_D3": 71,
        "hit_rate_D3": 0.9436619718309859,
        "hit_rate_strict_D3": 0.8309859154929577,
        "matched_D3": 62,
        "n_D4": 16,
        "hit_rate_D4": 1.0,
        "hit_rate_strict_D4": 1.0,
        "matched_D4": 16,
        "hit_rate_overall": 0.8461538461538461,
        "hit_rate_strict_overall": 0.7606837606837606,
        "hit_rate_strict_coverage_frac": 0.5,
        "n_gt_total": 117,
        "hit_rate_excl_D1": 0.8839285714285714,
        "hit_rate_strict_excl_D1": 0.7946428571428571,
        "n_gt_excl_D1": 112,
        "poly_precision": 0.43478260869544216,
        "poly_recall": 0.7692307692301118,
        "poly_f1": 0.5555555555552126,
        "poly_f2": 0.6666666666661729
      },
      "polygon_at_f1opt": {
        "n_D1": 5,
        "hit_rate_D1": 0.0,
        "hit_rate_strict_D1": 0.0,
        "matched_D1": 0,
        "n_D2": 25,
        "hit_rate_D2": 0.56,
        "hit_rate_strict_D2": 0.52,
        "matched_D2": 11,
        "n_D3": 71,
        "hit_rate_D3": 0.9014084507042254,
        "hit_rate_strict_D3": 0.7887323943661971,
        "matched_D3": 62,
        "n_D4": 16,
        "hit_rate_D4": 1.0,
        "hit_rate_strict_D4": 0.9375,
        "matched_D4": 16,
        "hit_rate_overall": 0.8034188034188035,
        "hit_rate_strict_overall": 0.717948717948718,
        "hit_rate_strict_coverage_frac": 0.5,
        "n_gt_total": 117,
        "hit_rate_excl_D1": 0.8392857142857143,
        "hit_rate_strict_excl_D1": 0.75,
        "n_gt_excl_D1": 112,
        "poly_precision": 0.6449275362314167,
        "poly_recall": 0.7606837606831105,
        "poly_f1": 0.6980392156857271,
        "poly_f2": 0.7343234323426284
      },
      "multi_threshold": {
        "1": [
          {
            "threshold": 0.1,
            "precision": 8.432688473599059e-06,
            "recall": 0.46666666666355555,
            "f1": 1.686507219455547e-05,
            "f2": 4.2160395006763704e-05,
            "tp": 7,
            "fp": 830096,
            "fn": 8
          },
          {
            "threshold": 0.2,
            "precision": 0.0,
            "recall": 0.0,
            "f1": 0.0,
            "f2": 0.0,
            "tp": 0,
            "fp": 36963,
            "fn": 15
          },
          {
            "threshold": 0.3,
            "precision": 0.0,
            "recall": 0.0,
            "f1": 0.0,
            "f2": 0.0,
            "tp": 0,
            "fp": 30602,
            "fn": 15
          },
          {
            "threshold": 0.5,
            "precision": 0.0,
            "recall": 0.0,
            "f1": 0.0,
            "f2": 0.0,
            "tp": 0,
            "fp": 22654,
            "fn": 15
          },
          {
            "threshold": 0.22700904309749603,
            "precision": 0.0,
            "recall": 0.0,
            "f1": 0.0,
            "f2": 0.0,
            "tp": 0,
            "fp": 34782,
            "fn": 15
          },
          {
            "threshold": 0.1585865467786789,
            "precision": 0.0,
            "recall": 0.0,
            "f1": 0.0,
            "f2": 0.0,
            "tp": 0,
            "fp": 41950,
            "fn": 15
          }
        ],
        "2": [
          {
            "threshold": 0.1,
            "precision": 0.0008071287539016241,
            "recall": 0.6843718079672436,
            "f1": 0.001612355940809691,
            "f2": 0.004016695063301912,
            "tp": 670,
            "fp": 829433,
            "fn": 309
          },
          {
            "threshold": 0.2,
            "precision": 0.014663311960609217,
            "recall": 0.5536261491317105,
            "f1": 0.028569922513309635,
            "f2": 0.06629320678098698,
            "tp": 542,
            "fp": 36421,
            "fn": 437
          },
          {
            "threshold": 0.3,
            "precision": 0.01395333638324288,
            "recall": 0.43615934627166125,
            "f1": 0.027041575630917154,
            "f2": 0.061851787473201504,
            "tp": 427,
            "fp": 30175,
            "fn": 552
          },
          {
            "threshold": 0.5,
            "precision": 0.009755451575880597,
            "recall": 0.22574055158322515,
            "f1": 0.01870266153260256,
            "f2": 0.04158825743319455,
            "tp": 221,
            "fp": 22433,
            "fn": 758
          },
          {
            "threshold": 0.22700904309749603,
            "precision": 0.01486401012017706,
            "recall": 0.5280898876403954,
            "f1": 0.028914180252229922,
            "f2": 0.06679931779420038,
            "tp": 517,